size,mean,variance,
1024,0.000300,0.000000,
16384,0.019050,0.000000,
2048,0.001950,0.000000,
32768,0.038150,0.000001,
4096,0.004000,0.000000,
8192,0.008200,0.000000,
