size,mean,variance,
1024,0.001000,0.000000,
16384,0.024800,0.000002,
2048,0.002200,0.000000,
32768,0.052750,0.000010,
4096,0.005300,0.000000,
8192,0.011700,0.000001,
