size,mean,variance,
1024,0.001000,0.000000,
16384,0.024600,0.000001,
2048,0.002400,0.000001,
32768,0.051100,0.000007,
4096,0.005100,0.000000,
8192,0.011600,0.000001,
