size,mean,variance,
1024,0.001000,0.000000,
16384,0.019800,0.000000,
2048,0.002000,0.000000,
32768,0.041800,0.000002,
4096,0.004000,0.000000,
8192,0.009100,0.000000,
